flux,num_gal
at_flux__yx_,K0001
at_flux__yx_,K0002
at_flux__yx_,K0003
at_flux__yx_,K0005
at_flux__yx_,K0007
at_flux__yx_,K0008
at_flux__yx_,K0009
at_flux__yx_,K0010
at_flux__yx_,K0012
at_flux__yx_,K0013
at_flux__yx_,K0014
at_flux__yx_,K0017
at_flux__yx_,K0018
at_flux__yx_,K0019
at_flux__yx_,K0020
at_flux__yx_,K0023
at_flux__yx_,K0025
at_flux__yx_,K0026
at_flux__yx_,K0027
at_flux__yx_,K0028
at_flux__yx_,K0029
at_flux__yx_,K0030
at_flux__yx_,K0031
at_flux__yx_,K0033
at_flux__yx_,K0034
at_flux__yx_,K0035
at_flux__yx_,K0036
at_flux__yx_,K0037
at_flux__yx_,K0038
at_flux__yx_,K0039
at_flux__yx_,K0040
at_flux__yx_,K0041
at_flux__yx_,K0042
at_flux__yx_,K0043
at_flux__yx_,K0044
at_flux__yx_,K0045
at_flux__yx_,K0046
at_flux__yx_,K0047
at_flux__yx_,K0049
at_flux__yx_,K0050
at_flux__yx_,K0051
at_flux__yx_,K0052
at_flux__yx_,K0053
at_flux__yx_,K0054
at_flux__yx_,K0055
at_flux__yx_,K0057
at_flux__yx_,K0058
at_flux__yx_,K0059
at_flux__yx_,K0061
at_flux__yx_,K0064
at_flux__yx_,K0065
at_flux__yx_,K0066
at_flux__yx_,K0067
at_flux__yx_,K0068
at_flux__yx_,K0069
at_flux__yx_,K0070
at_flux__yx_,K0071
at_flux__yx_,K0072
at_flux__yx_,K0073
at_flux__yx_,K0076
at_flux__yx_,K0077
at_flux__yx_,K0078
at_flux__yx_,K0080
at_flux__yx_,K0081
at_flux__yx_,K0083
at_flux__yx_,K0084
at_flux__yx_,K0086
at_flux__yx_,K0087
at_flux__yx_,K0088
at_flux__yx_,K0089
at_flux__yx_,K0090
at_flux__yx_,K0091
at_flux__yx_,K0092
at_flux__yx_,K0093
at_flux__yx_,K0094
at_flux__yx_,K0095
at_flux__yx_,K0096
at_flux__yx_,K0097
at_flux__yx_,K0098
at_flux__yx_,K0099
at_flux__yx_,K0100
at_flux__yx_,K0101
at_flux__yx_,K0102
at_flux__yx_,K0103
at_flux__yx_,K0105
at_flux__yx_,K0107
at_flux__yx_,K0108
at_flux__yx_,K0109
at_flux__yx_,K0110
at_flux__yx_,K0115
at_flux__yx_,K0117
at_flux__yx_,K0119
at_flux__yx_,K0122
at_flux__yx_,K0123
at_flux__yx_,K0124
at_flux__yx_,K0125
at_flux__yx_,K0126
at_flux__yx_,K0127
at_flux__yx_,K0128
at_flux__yx_,K0129
at_flux__yx_,K0130
at_flux__yx_,K0131
at_flux__yx_,K0134
at_flux__yx_,K0135
at_flux__yx_,K0136
at_flux__yx_,K0137
at_flux__yx_,K0138
at_flux__yx_,K0139
at_flux__yx_,K0140
at_flux__yx_,K0141
at_flux__yx_,K0142
at_flux__yx_,K0143
at_flux__yx_,K0144
at_flux__yx_,K0147
at_flux__yx_,K0149
at_flux__yx_,K0150
at_flux__yx_,K0151
at_flux__yx_,K0152
at_flux__yx_,K0153
at_flux__yx_,K0156
at_flux__yx_,K0157
at_flux__yx_,K0159
at_flux__yx_,K0161
at_flux__yx_,K0162
at_flux__yx_,K0164
at_flux__yx_,K0165
at_flux__yx_,K0166
at_flux__yx_,K0167
at_flux__yx_,K0168
at_flux__yx_,K0169
at_flux__yx_,K0170
at_flux__yx_,K0171
at_flux__yx_,K0172
at_flux__yx_,K0173
at_flux__yx_,K0174
at_flux__yx_,K0175
at_flux__yx_,K0177
at_flux__yx_,K0179
at_flux__yx_,K0181
at_flux__yx_,K0182
at_flux__yx_,K0183
at_flux__yx_,K0185
at_flux__yx_,K0186
at_flux__yx_,K0187
at_flux__yx_,K0188
at_flux__yx_,K0189
at_flux__yx_,K0190
at_flux__yx_,K0192
at_flux__yx_,K0194
at_flux__yx_,K0195
at_flux__yx_,K0196
at_flux__yx_,K0197
at_flux__yx_,K0201
at_flux__yx_,K0203
at_flux__yx_,K0204
at_flux__yx_,K0205
at_flux__yx_,K0209
at_flux__yx_,K0210
at_flux__yx_,K0216
at_flux__yx_,K0219
at_flux__yx_,K0221
at_flux__yx_,K0231
at_flux__yx_,K0232
at_flux__yx_,K0260
at_flux__yx_,K0272
at_flux__yx_,K0273
at_flux__yx_,K0274
at_flux__yx_,K0275
at_flux__yx_,K0277
at_flux__yx_,K0278
at_flux__yx_,K0279
at_flux__yx_,K0280
at_flux__yx_,K0281
at_flux__yx_,K0297
at_flux__yx_,K0306
at_flux__yx_,K0307
at_flux__yx_,K0309
at_flux__yx_,K0310
at_flux__yx_,K0311
at_flux__yx_,K0312
at_flux__yx_,K0314
at_flux__yx_,K0318
at_flux__yx_,K0326
at_flux__yx_,K0339
at_flux__yx_,K0341
at_flux__yx_,K0353
at_flux__yx_,K0355
at_flux__yx_,K0364
at_flux__yx_,K0381
at_flux__yx_,K0383
at_flux__yx_,K0386
at_flux__yx_,K0387
at_flux__yx_,K0388
at_flux__yx_,K0391
at_flux__yx_,K0414
at_flux__yx_,K0436
at_flux__yx_,K0437
at_flux__yx_,K0475
at_flux__yx_,K0476
at_flux__yx_,K0479
at_flux__yx_,K0486
at_flux__yx_,K0500
at_flux__yx_,K0502
at_flux__yx_,K0515
at_flux__yx_,K0518
at_flux__yx_,K0528
at_flux__yx_,K0548
at_flux__yx_,K0562
at_flux__yx_,K0569
at_flux__yx_,K0580
at_flux__yx_,K0581
at_flux__yx_,K0588
at_flux__yx_,K0589
at_flux__yx_,K0592
at_flux__yx_,K0602
at_flux__yx_,K0603
at_flux__yx_,K0606
at_flux__yx_,K0607
at_flux__yx_,K0608
at_flux__yx_,K0609
at_flux__yx_,K0610
at_flux__yx_,K0611
at_flux__yx_,K0612
at_flux__yx_,K0613
at_flux__yx_,K0615
at_flux__yx_,K0624
at_flux__yx_,K0630
at_flux__yx_,K0633
at_flux__yx_,K0634
at_flux__yx_,K0651
at_flux__yx_,K0652
at_flux__yx_,K0653
at_flux__yx_,K0657
at_flux__yx_,K0659
at_flux__yx_,K0663
at_flux__yx_,K0664
at_flux__yx_,K0665
at_flux__yx_,K0672
at_flux__yx_,K0673
at_flux__yx_,K0676
at_flux__yx_,K0679
at_flux__yx_,K0684
at_flux__yx_,K0697
at_flux__yx_,K0703
at_flux__yx_,K0705
at_flux__yx_,K0707
at_flux__yx_,K0708
at_flux__yx_,K0711
at_flux__yx_,K0713
at_flux__yx_,K0714
at_flux__yx_,K0715
at_flux__yx_,K0740
at_flux__yx_,K0744
at_flux__yx_,K0748
at_flux__yx_,K0749
at_flux__yx_,K0754
at_flux__yx_,K0758
at_flux__yx_,K0764
at_flux__yx_,K0768
at_flux__yx_,K0769
at_flux__yx_,K0774
at_flux__yx_,K0775
at_flux__yx_,K0778
at_flux__yx_,K0779
at_flux__yx_,K0780
at_flux__yx_,K0781
at_flux__yx_,K0782
at_flux__yx_,K0783
at_flux__yx_,K0787
at_flux__yx_,K0788
at_flux__yx_,K0789
at_flux__yx_,K0790
at_flux__yx_,K0791
at_flux__yx_,K0794
at_flux__yx_,K0797
at_flux__yx_,K0798
at_flux__yx_,K0799
at_flux__yx_,K0803
at_flux__yx_,K0804
at_flux__yx_,K0805
at_flux__yx_,K0806
at_flux__yx_,K0807
at_flux__yx_,K0808
at_flux__yx_,K0809
at_flux__yx_,K0810
at_flux__yx_,K0811
at_flux__yx_,K0813
at_flux__yx_,K0814
at_flux__yx_,K0815
at_flux__yx_,K0816
at_flux__yx_,K0817
at_flux__yx_,K0818
at_flux__yx_,K0820
at_flux__yx_,K0821
at_flux__yx_,K0822
at_flux__yx_,K0823
at_flux__yx_,K0824
at_flux__yx_,K0826
at_flux__yx_,K0827
at_flux__yx_,K0828
at_flux__yx_,K0829
at_flux__yx_,K0830
at_flux__yx_,K0831
at_flux__yx_,K0832
at_flux__yx_,K0833
at_flux__yx_,K0834
at_flux__yx_,K0835
at_flux__yx_,K0836
at_flux__yx_,K0837
at_flux__yx_,K0838
at_flux__yx_,K0840
at_flux__yx_,K0841
at_flux__yx_,K0842
at_flux__yx_,K0843
at_flux__yx_,K0844
at_flux__yx_,K0845
at_flux__yx_,K0846
at_flux__yx_,K0847
at_flux__yx_,K0848
at_flux__yx_,K0849
at_flux__yx_,K0850
at_flux__yx_,K0851
at_flux__yx_,K0852
at_flux__yx_,K0854
at_flux__yx_,K0855
at_flux__yx_,K0856
at_flux__yx_,K0857
at_flux__yx_,K0858
at_flux__yx_,K0859
at_flux__yx_,K0860
at_flux__yx_,K0861
at_flux__yx_,K0862
at_flux__yx_,K0863
at_flux__yx_,K0864
at_flux__yx_,K0865
at_flux__yx_,K0866
at_flux__yx_,K0867
at_flux__yx_,K0868
at_flux__yx_,K0869
at_flux__yx_,K0870
at_flux__yx_,K0871
at_flux__yx_,K0872
at_flux__yx_,K0874
at_flux__yx_,K0875
at_flux__yx_,K0876
at_flux__yx_,K0878
at_flux__yx_,K0880
at_flux__yx_,K0881
at_flux__yx_,K0883
at_flux__yx_,K0884
at_flux__yx_,K0885
at_flux__yx_,K0886
at_flux__yx_,K0887
at_flux__yx_,K0888
at_flux__yx_,K0889
at_flux__yx_,K0890
at_flux__yx_,K0891
at_flux__yx_,K0893
at_flux__yx_,K0894
at_flux__yx_,K0895
at_flux__yx_,K0896
at_flux__yx_,K0897
at_flux__yx_,K0898
at_flux__yx_,K0900
at_flux__yx_,K0901
at_flux__yx_,K0902
at_flux__yx_,K0903
at_flux__yx_,K0904
at_flux__yx_,K0905
at_flux__yx_,K0906
at_flux__yx_,K0907
at_flux__yx_,K0909
at_flux__yx_,K0910
at_flux__yx_,K0911
at_flux__yx_,K0912
at_flux__yx_,K0914
at_flux__yx_,K0915
at_flux__yx_,K0916
at_flux__yx_,K0917
at_flux__yx_,K0919
at_flux__yx_,K0923
at_flux__yx_,K0924
at_flux__yx_,K0925
at_flux__yx_,K0926
at_flux__yx_,K0927
at_flux__yx_,K0929
at_flux__yx_,K0930
at_flux__yx_,K0932
at_flux__yx_,K0933
at_flux__yx_,K0934
at_flux__yx_,K0935
at_flux__yx_,K0936
at_flux__yx_,K0937
at_flux__yx_,K1000
at_flux__yx_,K1005
at_flux__yx_,K1007
at_flux__yx_,K1009
at_flux__yx_,K1010
at_flux__yx_,K1011
at_flux__yx_,K1013
at_flux__yx_,K1015
at_flux__yx_,K1016
at_flux__yx_,K1022
at_flux__yx_,K1024
at_flux__yx_,K1075
at_flux__yx_,K1076
at_flux__yx_,K1080
at_flux__yx_,K2014
at_flux__yx_,K2044
at_flux__yx_,K2052
at_flux__yx_,K2063
at_flux__yx_,K2707
at_flux__yx_,K2752
at_flux__yx_,K2780
at_flux__yx_,K2781
at_flux__yx_,K2795
at_flux__yx_,K2835
at_flux__yx_,K2851
at_flux__yx_,K2871
at_flux__yx_,K2873
at_flux__yx_,K2902
at_flux__yx_,K2999
at_flux__yx_,K3004
at_flux__yx_,K3006
at_flux__yx_,K3008
at_flux__yx_,K3018
at_flux__yx_,K3019
at_flux__yx_,K3021
at_flux__yx_,K3022
at_flux__yx_,K3027
at_flux__yx_,K3028
at_flux__yx_,K3030
at_flux__yx_,K3034
at_flux__yx_,K3038
at_flux__yx_,K3039
at_flux__yx_,K3040
at_flux__yx_,K4027
at_flux__yx_,K4031
at_flux__yx_,K4034
