mass, num_gal
PatImagesMcorSD__yx,K0001
PatImagesMcorSD__yx,K0002
PatImagesMcorSD__yx,K0003
PatImagesMcorSD__yx,K0005
PatImagesMcorSD__yx,K0007
PatImagesMcorSD__yx,K0008
PatImagesMcorSD__yx,K0009
PatImagesMcorSD__yx,K0010
PatImagesMcorSD__yx,K0012
PatImagesMcorSD__yx,K0013
PatImagesMcorSD__yx,K0014
PatImagesMcorSD__yx,K0017
PatImagesMcorSD__yx,K0018
PatImagesMcorSD__yx,K0019
PatImagesMcorSD__yx,K0020
PatImagesMcorSD__yx,K0023
PatImagesMcorSD__yx,K0025
PatImagesMcorSD__yx,K0026
PatImagesMcorSD__yx,K0027
PatImagesMcorSD__yx,K0028
PatImagesMcorSD__yx,K0029
PatImagesMcorSD__yx,K0030
PatImagesMcorSD__yx,K0031
PatImagesMcorSD__yx,K0033
PatImagesMcorSD__yx,K0034
PatImagesMcorSD__yx,K0035
PatImagesMcorSD__yx,K0036
PatImagesMcorSD__yx,K0037
PatImagesMcorSD__yx,K0038
PatImagesMcorSD__yx,K0039
PatImagesMcorSD__yx,K0040
PatImagesMcorSD__yx,K0041
PatImagesMcorSD__yx,K0042
PatImagesMcorSD__yx,K0043
PatImagesMcorSD__yx,K0044
PatImagesMcorSD__yx,K0045
PatImagesMcorSD__yx,K0046
PatImagesMcorSD__yx,K0047
PatImagesMcorSD__yx,K0049
PatImagesMcorSD__yx,K0050
PatImagesMcorSD__yx,K0051
PatImagesMcorSD__yx,K0052
PatImagesMcorSD__yx,K0053
PatImagesMcorSD__yx,K0054
PatImagesMcorSD__yx,K0055
PatImagesMcorSD__yx,K0057
PatImagesMcorSD__yx,K0058
PatImagesMcorSD__yx,K0059
PatImagesMcorSD__yx,K0061
PatImagesMcorSD__yx,K0064
PatImagesMcorSD__yx,K0065
PatImagesMcorSD__yx,K0066
PatImagesMcorSD__yx,K0067
PatImagesMcorSD__yx,K0068
PatImagesMcorSD__yx,K0069
PatImagesMcorSD__yx,K0070
PatImagesMcorSD__yx,K0071
PatImagesMcorSD__yx,K0072
PatImagesMcorSD__yx,K0073
PatImagesMcorSD__yx,K0076
PatImagesMcorSD__yx,K0077
PatImagesMcorSD__yx,K0078
PatImagesMcorSD__yx,K0080
PatImagesMcorSD__yx,K0081
PatImagesMcorSD__yx,K0083
PatImagesMcorSD__yx,K0084
PatImagesMcorSD__yx,K0086
PatImagesMcorSD__yx,K0087
PatImagesMcorSD__yx,K0088
PatImagesMcorSD__yx,K0089
PatImagesMcorSD__yx,K0090
PatImagesMcorSD__yx,K0091
PatImagesMcorSD__yx,K0092
PatImagesMcorSD__yx,K0093
PatImagesMcorSD__yx,K0094
PatImagesMcorSD__yx,K0095
PatImagesMcorSD__yx,K0096
PatImagesMcorSD__yx,K0097
PatImagesMcorSD__yx,K0098
PatImagesMcorSD__yx,K0099
PatImagesMcorSD__yx,K0100
PatImagesMcorSD__yx,K0101
PatImagesMcorSD__yx,K0102
PatImagesMcorSD__yx,K0103
PatImagesMcorSD__yx,K0105
PatImagesMcorSD__yx,K0107
PatImagesMcorSD__yx,K0108
PatImagesMcorSD__yx,K0109
PatImagesMcorSD__yx,K0110
PatImagesMcorSD__yx,K0115
PatImagesMcorSD__yx,K0117
PatImagesMcorSD__yx,K0119
PatImagesMcorSD__yx,K0122
PatImagesMcorSD__yx,K0123
PatImagesMcorSD__yx,K0124
PatImagesMcorSD__yx,K0125
PatImagesMcorSD__yx,K0126
PatImagesMcorSD__yx,K0127
PatImagesMcorSD__yx,K0128
PatImagesMcorSD__yx,K0129
PatImagesMcorSD__yx,K0130
PatImagesMcorSD__yx,K0131
PatImagesMcorSD__yx,K0134
PatImagesMcorSD__yx,K0135
PatImagesMcorSD__yx,K0136
PatImagesMcorSD__yx,K0137
PatImagesMcorSD__yx,K0138
PatImagesMcorSD__yx,K0139
PatImagesMcorSD__yx,K0140
PatImagesMcorSD__yx,K0141
PatImagesMcorSD__yx,K0142
PatImagesMcorSD__yx,K0143
PatImagesMcorSD__yx,K0144
PatImagesMcorSD__yx,K0147
PatImagesMcorSD__yx,K0149
PatImagesMcorSD__yx,K0150
PatImagesMcorSD__yx,K0151
PatImagesMcorSD__yx,K0152
PatImagesMcorSD__yx,K0153
PatImagesMcorSD__yx,K0156
PatImagesMcorSD__yx,K0157
PatImagesMcorSD__yx,K0159
PatImagesMcorSD__yx,K0161
PatImagesMcorSD__yx,K0162
PatImagesMcorSD__yx,K0164
PatImagesMcorSD__yx,K0165
PatImagesMcorSD__yx,K0166
PatImagesMcorSD__yx,K0167
PatImagesMcorSD__yx,K0168
PatImagesMcorSD__yx,K0169
PatImagesMcorSD__yx,K0170
PatImagesMcorSD__yx,K0171
PatImagesMcorSD__yx,K0172
PatImagesMcorSD__yx,K0173
PatImagesMcorSD__yx,K0174
PatImagesMcorSD__yx,K0175
PatImagesMcorSD__yx,K0177
PatImagesMcorSD__yx,K0179
PatImagesMcorSD__yx,K0181
PatImagesMcorSD__yx,K0182
PatImagesMcorSD__yx,K0183
PatImagesMcorSD__yx,K0185
PatImagesMcorSD__yx,K0186
PatImagesMcorSD__yx,K0187
PatImagesMcorSD__yx,K0188
PatImagesMcorSD__yx,K0189
PatImagesMcorSD__yx,K0190
PatImagesMcorSD__yx,K0192
PatImagesMcorSD__yx,K0194
PatImagesMcorSD__yx,K0195
PatImagesMcorSD__yx,K0196
PatImagesMcorSD__yx,K0197
PatImagesMcorSD__yx,K0201
PatImagesMcorSD__yx,K0203
PatImagesMcorSD__yx,K0204
PatImagesMcorSD__yx,K0205
PatImagesMcorSD__yx,K0209
PatImagesMcorSD__yx,K0210
PatImagesMcorSD__yx,K0216
PatImagesMcorSD__yx,K0219
PatImagesMcorSD__yx,K0221
PatImagesMcorSD__yx,K0231
PatImagesMcorSD__yx,K0232
PatImagesMcorSD__yx,K0260
PatImagesMcorSD__yx,K0272
PatImagesMcorSD__yx,K0273
PatImagesMcorSD__yx,K0274
PatImagesMcorSD__yx,K0275
PatImagesMcorSD__yx,K0277
PatImagesMcorSD__yx,K0278
PatImagesMcorSD__yx,K0279
PatImagesMcorSD__yx,K0280
PatImagesMcorSD__yx,K0281
PatImagesMcorSD__yx,K0297
PatImagesMcorSD__yx,K0306
PatImagesMcorSD__yx,K0307
PatImagesMcorSD__yx,K0309
PatImagesMcorSD__yx,K0310
PatImagesMcorSD__yx,K0311
PatImagesMcorSD__yx,K0312
PatImagesMcorSD__yx,K0314
PatImagesMcorSD__yx,K0318
PatImagesMcorSD__yx,K0326
PatImagesMcorSD__yx,K0339
PatImagesMcorSD__yx,K0341
PatImagesMcorSD__yx,K0353
PatImagesMcorSD__yx,K0355
PatImagesMcorSD__yx,K0364
PatImagesMcorSD__yx,K0381
PatImagesMcorSD__yx,K0383
PatImagesMcorSD__yx,K0386
PatImagesMcorSD__yx,K0387
PatImagesMcorSD__yx,K0388
PatImagesMcorSD__yx,K0391
PatImagesMcorSD__yx,K0414
PatImagesMcorSD__yx,K0436
PatImagesMcorSD__yx,K0437
PatImagesMcorSD__yx,K0475
PatImagesMcorSD__yx,K0476
PatImagesMcorSD__yx,K0479
PatImagesMcorSD__yx,K0486
PatImagesMcorSD__yx,K0500
PatImagesMcorSD__yx,K0502
PatImagesMcorSD__yx,K0515
PatImagesMcorSD__yx,K0518
PatImagesMcorSD__yx,K0528
PatImagesMcorSD__yx,K0548
PatImagesMcorSD__yx,K0562
PatImagesMcorSD__yx,K0569
PatImagesMcorSD__yx,K0580
PatImagesMcorSD__yx,K0581
PatImagesMcorSD__yx,K0588
PatImagesMcorSD__yx,K0589
PatImagesMcorSD__yx,K0592
PatImagesMcorSD__yx,K0602
PatImagesMcorSD__yx,K0603
PatImagesMcorSD__yx,K0606
PatImagesMcorSD__yx,K0607
PatImagesMcorSD__yx,K0608
PatImagesMcorSD__yx,K0609
PatImagesMcorSD__yx,K0610
PatImagesMcorSD__yx,K0611
PatImagesMcorSD__yx,K0612
PatImagesMcorSD__yx,K0613
PatImagesMcorSD__yx,K0615
PatImagesMcorSD__yx,K0624
PatImagesMcorSD__yx,K0630
PatImagesMcorSD__yx,K0633
PatImagesMcorSD__yx,K0634
PatImagesMcorSD__yx,K0651
PatImagesMcorSD__yx,K0652
PatImagesMcorSD__yx,K0653
PatImagesMcorSD__yx,K0657
PatImagesMcorSD__yx,K0659
PatImagesMcorSD__yx,K0663
PatImagesMcorSD__yx,K0664
PatImagesMcorSD__yx,K0665
PatImagesMcorSD__yx,K0672
PatImagesMcorSD__yx,K0673
PatImagesMcorSD__yx,K0676
PatImagesMcorSD__yx,K0679
PatImagesMcorSD__yx,K0684
PatImagesMcorSD__yx,K0697
PatImagesMcorSD__yx,K0703
PatImagesMcorSD__yx,K0705
PatImagesMcorSD__yx,K0707
PatImagesMcorSD__yx,K0708
PatImagesMcorSD__yx,K0711
PatImagesMcorSD__yx,K0713
PatImagesMcorSD__yx,K0714
PatImagesMcorSD__yx,K0715
PatImagesMcorSD__yx,K0740
PatImagesMcorSD__yx,K0744
PatImagesMcorSD__yx,K0748
PatImagesMcorSD__yx,K0749
PatImagesMcorSD__yx,K0754
PatImagesMcorSD__yx,K0758
PatImagesMcorSD__yx,K0764
PatImagesMcorSD__yx,K0768
PatImagesMcorSD__yx,K0769
PatImagesMcorSD__yx,K0774
PatImagesMcorSD__yx,K0775
PatImagesMcorSD__yx,K0778
PatImagesMcorSD__yx,K0779
PatImagesMcorSD__yx,K0780
PatImagesMcorSD__yx,K0781
PatImagesMcorSD__yx,K0782
PatImagesMcorSD__yx,K0783
PatImagesMcorSD__yx,K0787
PatImagesMcorSD__yx,K0788
PatImagesMcorSD__yx,K0789
PatImagesMcorSD__yx,K0790
PatImagesMcorSD__yx,K0791
PatImagesMcorSD__yx,K0794
PatImagesMcorSD__yx,K0797
PatImagesMcorSD__yx,K0798
PatImagesMcorSD__yx,K0799
PatImagesMcorSD__yx,K0803
PatImagesMcorSD__yx,K0804
PatImagesMcorSD__yx,K0805
PatImagesMcorSD__yx,K0806
PatImagesMcorSD__yx,K0807
PatImagesMcorSD__yx,K0808
PatImagesMcorSD__yx,K0809
PatImagesMcorSD__yx,K0810
PatImagesMcorSD__yx,K0811
PatImagesMcorSD__yx,K0813
PatImagesMcorSD__yx,K0814
PatImagesMcorSD__yx,K0815
PatImagesMcorSD__yx,K0816
PatImagesMcorSD__yx,K0817
PatImagesMcorSD__yx,K0818
PatImagesMcorSD__yx,K0820
PatImagesMcorSD__yx,K0821
PatImagesMcorSD__yx,K0822
PatImagesMcorSD__yx,K0823
PatImagesMcorSD__yx,K0824
PatImagesMcorSD__yx,K0826
PatImagesMcorSD__yx,K0827
PatImagesMcorSD__yx,K0828
PatImagesMcorSD__yx,K0829
PatImagesMcorSD__yx,K0830
PatImagesMcorSD__yx,K0831
PatImagesMcorSD__yx,K0832
PatImagesMcorSD__yx,K0833
PatImagesMcorSD__yx,K0834
PatImagesMcorSD__yx,K0835
PatImagesMcorSD__yx,K0836
PatImagesMcorSD__yx,K0837
PatImagesMcorSD__yx,K0838
PatImagesMcorSD__yx,K0840
PatImagesMcorSD__yx,K0841
PatImagesMcorSD__yx,K0842
PatImagesMcorSD__yx,K0843
PatImagesMcorSD__yx,K0844
PatImagesMcorSD__yx,K0845
PatImagesMcorSD__yx,K0846
PatImagesMcorSD__yx,K0847
PatImagesMcorSD__yx,K0848
PatImagesMcorSD__yx,K0849
PatImagesMcorSD__yx,K0850
PatImagesMcorSD__yx,K0851
PatImagesMcorSD__yx,K0852
PatImagesMcorSD__yx,K0854
PatImagesMcorSD__yx,K0855
PatImagesMcorSD__yx,K0856
PatImagesMcorSD__yx,K0857
PatImagesMcorSD__yx,K0858
PatImagesMcorSD__yx,K0859
PatImagesMcorSD__yx,K0860
PatImagesMcorSD__yx,K0861
PatImagesMcorSD__yx,K0862
PatImagesMcorSD__yx,K0863
PatImagesMcorSD__yx,K0864
PatImagesMcorSD__yx,K0865
PatImagesMcorSD__yx,K0866
PatImagesMcorSD__yx,K0867
PatImagesMcorSD__yx,K0868
PatImagesMcorSD__yx,K0869
PatImagesMcorSD__yx,K0870
PatImagesMcorSD__yx,K0871
PatImagesMcorSD__yx,K0872
PatImagesMcorSD__yx,K0874
PatImagesMcorSD__yx,K0875
PatImagesMcorSD__yx,K0876
PatImagesMcorSD__yx,K0878
PatImagesMcorSD__yx,K0880
PatImagesMcorSD__yx,K0881
PatImagesMcorSD__yx,K0883
PatImagesMcorSD__yx,K0884
PatImagesMcorSD__yx,K0885
PatImagesMcorSD__yx,K0886
PatImagesMcorSD__yx,K0887
PatImagesMcorSD__yx,K0888
PatImagesMcorSD__yx,K0889
PatImagesMcorSD__yx,K0890
PatImagesMcorSD__yx,K0891
PatImagesMcorSD__yx,K0893
PatImagesMcorSD__yx,K0894
PatImagesMcorSD__yx,K0895
PatImagesMcorSD__yx,K0896
PatImagesMcorSD__yx,K0897
PatImagesMcorSD__yx,K0898
PatImagesMcorSD__yx,K0900
PatImagesMcorSD__yx,K0901
PatImagesMcorSD__yx,K0902
PatImagesMcorSD__yx,K0903
PatImagesMcorSD__yx,K0904
PatImagesMcorSD__yx,K0905
PatImagesMcorSD__yx,K0906
PatImagesMcorSD__yx,K0907
PatImagesMcorSD__yx,K0909
PatImagesMcorSD__yx,K0910
PatImagesMcorSD__yx,K0911
PatImagesMcorSD__yx,K0912
PatImagesMcorSD__yx,K0914
PatImagesMcorSD__yx,K0915
PatImagesMcorSD__yx,K0916
PatImagesMcorSD__yx,K0917
PatImagesMcorSD__yx,K0919
PatImagesMcorSD__yx,K0923
PatImagesMcorSD__yx,K0924
PatImagesMcorSD__yx,K0925
PatImagesMcorSD__yx,K0926
PatImagesMcorSD__yx,K0927
PatImagesMcorSD__yx,K0929
PatImagesMcorSD__yx,K0930
PatImagesMcorSD__yx,K0932
PatImagesMcorSD__yx,K0933
PatImagesMcorSD__yx,K0934
PatImagesMcorSD__yx,K0935
PatImagesMcorSD__yx,K0936
PatImagesMcorSD__yx,K0937
PatImagesMcorSD__yx,K1000
PatImagesMcorSD__yx,K1005
PatImagesMcorSD__yx,K1007
PatImagesMcorSD__yx,K1009
PatImagesMcorSD__yx,K1010
PatImagesMcorSD__yx,K1011
PatImagesMcorSD__yx,K1013
PatImagesMcorSD__yx,K1015
PatImagesMcorSD__yx,K1016
PatImagesMcorSD__yx,K1022
PatImagesMcorSD__yx,K1024
PatImagesMcorSD__yx,K1075
PatImagesMcorSD__yx,K1076
PatImagesMcorSD__yx,K1080
PatImagesMcorSD__yx,K2014
PatImagesMcorSD__yx,K2044
PatImagesMcorSD__yx,K2052
PatImagesMcorSD__yx,K2063
PatImagesMcorSD__yx,K2707
PatImagesMcorSD__yx,K2752
PatImagesMcorSD__yx,K2780
PatImagesMcorSD__yx,K2781
PatImagesMcorSD__yx,K2795
PatImagesMcorSD__yx,K2835
PatImagesMcorSD__yx,K2851
PatImagesMcorSD__yx,K2871
PatImagesMcorSD__yx,K2873
PatImagesMcorSD__yx,K2902
PatImagesMcorSD__yx,K2999
PatImagesMcorSD__yx,K3004
PatImagesMcorSD__yx,K3006
PatImagesMcorSD__yx,K3008
PatImagesMcorSD__yx,K3018
PatImagesMcorSD__yx,K3019
PatImagesMcorSD__yx,K3021
PatImagesMcorSD__yx,K3022
PatImagesMcorSD__yx,K3027
PatImagesMcorSD__yx,K3028
PatImagesMcorSD__yx,K3030
PatImagesMcorSD__yx,K3034
PatImagesMcorSD__yx,K3038
PatImagesMcorSD__yx,K3039
PatImagesMcorSD__yx,K3040
PatImagesMcorSD__yx,K4027
PatImagesMcorSD__yx,K4031
PatImagesMcorSD__yx,K4034
